{
  "dependencies": {
    "storage2": {
      "resourceId": "/subscriptions/[parameters('subscriptionId')]/resourceGroups/[parameters('resourceGroupName')]/providers/Microsoft.Storage/storageAccounts/sqlvard7tdmbhioyl4",
      "type": "storage.azure",
      "connectionId": "ImageDb",
      "secretStore": "AzureAppSettings"
    },
    "storage1": {
      "resourceId": "/subscriptions/[parameters('subscriptionId')]/resourceGroups/[parameters('resourceGroupName')]/providers/Microsoft.Storage/storageAccounts/sqlvard7tdmbhioyl4",
      "type": "storage.azure",
      "connectionId": "LogEntryDb",
      "secretStore": "AzureAppSettings"
    },
    "mssql2": {
      "resourceId": "/subscriptions/[parameters('subscriptionId')]/resourcegroups/[parameters('resourceGroupName')]/providers/Microsoft.Sql/servers/imagesharingcs526/databases/ImageSharingWithCloudStorage_db",
      "type": "mssql.azure",
      "connectionId": "ApplicationDb",
      "secretStore": "AzureAppSettings"
    },
    "mssql1": {
      "type": "mssql.onprem",
      "connectionId": "DefaultConnection",
      "secretStore": "AzureAppSettings"
    }
  }
}